policy,dynamics,agents,obstacles,control_noise,episodes,success_rate_pct,mean_reward,failures_total,fail_obstacle,fail_wall,fail_timeout,training_run,source_file
naive,dynamic,5,0,low,1000,41.40,6719.82,586,576,2,8,navigation_naive_20260603_014721,/local1/hishamb/cbf-rl-environment/results/results_naive/results_naive_navigation_naive_20260603_014721_model_1499_20260604_031246/results_naive_navigation_naive_20260603_014721_model_1499_20260604_031246.txt
naive,dynamic,5,0,medium,1000,42.50,6737.33,575,573,1,1,navigation_naive_20260603_021112,/local1/hishamb/cbf-rl-environment/results/results_naive/results_naive_navigation_naive_20260603_021112_model_1499_20260604_031347/results_naive_navigation_naive_20260603_021112_model_1499_20260604_031347.txt
naive,dynamic,5,0,high,1000,35.90,6938.18,641,579,0,62,navigation_naive_20260603_021247,/local1/hishamb/cbf-rl-environment/results/results_naive/results_naive_navigation_naive_20260603_021247_model_1499_20260604_032254/results_naive_navigation_naive_20260603_021247_model_1499_20260604_032254.txt
naive,dynamic,4,1,low,1000,28.70,5201.60,713,711,1,1,navigation_naive_20260603_011730,/local1/hishamb/cbf-rl-environment/results/results_naive/results_naive_navigation_naive_20260603_011730_model_1499_20260604_030000/results_naive_navigation_naive_20260603_011730_model_1499_20260604_030000.txt
naive,dynamic,4,1,medium,1000,29.50,5250.25,705,701,1,3,navigation_naive_20260603_013617,/local1/hishamb/cbf-rl-environment/results/results_naive/results_naive_navigation_naive_20260603_013617_model_1499_20260604_030053/results_naive_navigation_naive_20260603_013617_model_1499_20260604_030053.txt
naive,dynamic,4,1,high,1000,27.30,5230.61,727,712,0,15,navigation_naive_20260603_013712,/local1/hishamb/cbf-rl-environment/results/results_naive/results_naive_navigation_naive_20260603_013712_model_1499_20260604_030741/results_naive_navigation_naive_20260603_013712_model_1499_20260604_030741.txt
naive,dynamic,3,2,low,1000,36.50,4284.32,635,634,1,0,navigation_naive_20260603_010438,/local1/hishamb/cbf-rl-environment/results/results_naive/results_naive_navigation_naive_20260603_010438_model_1499_20260604_024928/results_naive_navigation_naive_20260603_010438_model_1499_20260604_024928.txt
naive,dynamic,3,2,medium,1000,35.90,4285.66,641,636,0,5,navigation_naive_20260603_011417,/local1/hishamb/cbf-rl-environment/results/results_naive/results_naive_navigation_naive_20260603_011417_model_1499_20260604_024958/results_naive_navigation_naive_20260603_011417_model_1499_20260604_024958.txt
naive,dynamic,3,2,high,1000,34.90,4298.48,651,641,0,10,navigation_naive_20260603_011630,/local1/hishamb/cbf-rl-environment/results/results_naive/results_naive_navigation_naive_20260603_011630_model_1499_20260604_025559/results_naive_navigation_naive_20260603_011630_model_1499_20260604_025559.txt
naive,dynamic,2,3,low,1000,42.20,3088.31,578,571,5,2,navigation_naive_20260603_005108,/local1/hishamb/cbf-rl-environment/results/results_naive/results_naive_navigation_naive_20260603_005108_model_1499_20260604_024050/results_naive_navigation_naive_20260603_005108_model_1499_20260604_024050.txt
naive,dynamic,2,3,medium,1000,40.10,3025.52,599,597,2,0,navigation_naive_20260603_005410,/local1/hishamb/cbf-rl-environment/results/results_naive/results_naive_navigation_naive_20260603_005410_model_1499_20260604_024159/results_naive_navigation_naive_20260603_005410_model_1499_20260604_024159.txt
naive,dynamic,2,3,high,1000,39.90,3098.73,601,562,7,32,navigation_naive_20260603_010306,/local1/hishamb/cbf-rl-environment/results/results_naive/results_naive_navigation_naive_20260603_010306_model_1499_20260604_024458/results_naive_navigation_naive_20260603_010306_model_1499_20260604_024458.txt
naive,dynamic,1,4,low,1000,57.00,1846.08,430,370,11,49,navigation_naive_20260603_004427,/local1/hishamb/cbf-rl-environment/results/results_naive/results_naive_navigation_naive_20260603_004427_model_1499_20260604_022508/results_naive_navigation_naive_20260603_004427_model_1499_20260604_022508.txt
naive,dynamic,1,4,medium,1000,53.40,1842.28,466,375,7,84,navigation_naive_20260603_004459,/local1/hishamb/cbf-rl-environment/results/results_naive/results_naive_navigation_naive_20260603_004459_model_1499_20260604_023139/results_naive_navigation_naive_20260603_004459_model_1499_20260604_023139.txt
naive,dynamic,1,4,high,1000,58.40,1835.37,416,394,2,20,navigation_naive_20260603_004631,/local1/hishamb/cbf-rl-environment/results/results_naive/results_naive_navigation_naive_20260603_004631_model_1499_20260604_023344/results_naive_navigation_naive_20260603_004631_model_1499_20260604_023344.txt
cbf,dynamic,5,0,low,1000,6.00,0.00,940,558,0,382,navigation_cbf_20260603_032155,/local1/hishamb/cbf-rl-environment/results/results_cbf/results_cbf_navigation_cbf_20260603_032155_model_1499_20260603_230702/results_cbf_navigation_cbf_20260603_032155_model_1499_20260603_230702.txt
cbf,dynamic,5,0,medium,1000,3.40,0.00,966,582,0,384,navigation_cbf_20260603_032303,/local1/hishamb/cbf-rl-environment/results/results_cbf/results_cbf_navigation_cbf_20260603_032303_model_1499_20260603_232758/results_cbf_navigation_cbf_20260603_032303_model_1499_20260603_232758.txt
cbf,dynamic,5,0,high,1000,17.90,0.00,821,486,0,335,navigation_cbf_20260603_033131,/local1/hishamb/cbf-rl-environment/results/results_cbf/results_cbf_navigation_cbf_20260603_033131_model_1499_20260603_234357/results_cbf_navigation_cbf_20260603_033131_model_1499_20260603_234357.txt
cbf,dynamic,4,1,low,1000,17.70,0.00,823,492,0,331,navigation_cbf_20260603_030218,/local1/hishamb/cbf-rl-environment/results/results_cbf/results_cbf_navigation_cbf_20260603_030218_model_1499_20260603_215225/results_cbf_navigation_cbf_20260603_030218_model_1499_20260603_215225.txt
cbf,dynamic,4,1,medium,1000,20.10,0.00,799,467,0,332,navigation_cbf_20260603_030421,/local1/hishamb/cbf-rl-environment/results/results_cbf/results_cbf_navigation_cbf_20260603_030421_model_1499_20260603_223018/results_cbf_navigation_cbf_20260603_030421_model_1499_20260603_223018.txt
cbf,dynamic,4,1,high,1000,45.00,0.00,550,428,6,116,navigation_cbf_20260603_032030,/local1/hishamb/cbf-rl-environment/results/results_cbf/results_cbf_navigation_cbf_20260603_032030_model_1499_20260603_223543/results_cbf_navigation_cbf_20260603_032030_model_1499_20260603_223543.txt
cbf,dynamic,3,2,low,1000,67.50,0.00,325,194,3,128,navigation_cbf_20260603_025532,/local1/hishamb/cbf-rl-environment/results/results_cbf/results_cbf_navigation_cbf_20260603_025532_model_1499_20260603_211557/results_cbf_navigation_cbf_20260603_025532_model_1499_20260603_211557.txt
cbf,dynamic,3,2,medium,1000,29.20,0.00,708,340,0,368,navigation_cbf_20260603_025702,/local1/hishamb/cbf-rl-environment/results/results_cbf/results_cbf_navigation_cbf_20260603_025702_model_1499_20260603_212955/results_cbf_navigation_cbf_20260603_025702_model_1499_20260603_212955.txt
cbf,dynamic,3,2,high,1000,42.20,0.00,578,314,4,260,navigation_cbf_20260603_030101,/local1/hishamb/cbf-rl-environment/results/results_cbf/results_cbf_navigation_cbf_20260603_030101_model_1499_20260603_213756/results_cbf_navigation_cbf_20260603_030101_model_1499_20260603_213756.txt
cbf,dynamic,2,3,low,1000,88.10,0.00,119,79,1,39,navigation_cbf_20260603_024708,/local1/hishamb/cbf-rl-environment/results/results_cbf/results_cbf_navigation_cbf_20260603_024708_model_1499_20260603_205648/results_cbf_navigation_cbf_20260603_024708_model_1499_20260603_205648.txt
cbf,dynamic,2,3,medium,1000,74.10,0.00,259,136,2,121,navigation_cbf_20260603_025111,/local1/hishamb/cbf-rl-environment/results/results_cbf/results_cbf_navigation_cbf_20260603_025111_model_1499_20260603_210542/results_cbf_navigation_cbf_20260603_025111_model_1499_20260603_210542.txt
cbf,dynamic,2,3,high,1000,73.60,0.00,264,170,7,87,navigation_cbf_20260603_025212,/local1/hishamb/cbf-rl-environment/results/results_cbf/results_cbf_navigation_cbf_20260603_025212_model_1499_20260603_210604/results_cbf_navigation_cbf_20260603_025212_model_1499_20260603_210604.txt
cbf,dynamic,1,4,low,1000,96.40,2039.82,36,29,3,4,navigation_cbf_20260603_022256,/local1/hishamb/cbf-rl-environment/results/results_cbf/results_cbf_navigation_cbf_20260603_022256_model_1499_20260603_203432/results_cbf_navigation_cbf_20260603_022256_model_1499_20260603_203432.txt
cbf,dynamic,1,4,medium,1000,96.70,2071.69,33,14,5,14,navigation_cbf_20260603_023040,/local1/hishamb/cbf-rl-environment/results/results_cbf/results_cbf_navigation_cbf_20260603_023040_model_1499_20260603_204400/results_cbf_navigation_cbf_20260603_023040_model_1499_20260603_204400.txt
cbf,dynamic,1,4,high,1000,95.50,2034.97,45,22,5,18,navigation_cbf_20260603_023830,/local1/hishamb/cbf-rl-environment/results/results_cbf/results_cbf_navigation_cbf_20260603_023830_model_1499_20260603_205515/results_cbf_navigation_cbf_20260603_023830_model_1499_20260603_205515.txt
reward_only,dynamic,5,0,low,1000,25.70,0.00,743,547,66,130,navigation_reward_only_20260603_055007,/local1/hishamb/cbf-rl-environment/results/results_reward_only/results_reward_only_navigation_reward_only_20260603_055007_model_1499_20260604_050917/results_reward_only_navigation_reward_only_20260603_055007_model_1499_20260604_050917.txt
reward_only,dynamic,5,0,medium,1000,1.10,0.00,989,695,86,208,navigation_reward_only_20260603_055637,/local1/hishamb/cbf-rl-environment/results/results_reward_only/results_reward_only_navigation_reward_only_20260603_055637_model_1499_20260604_050917/results_reward_only_navigation_reward_only_20260603_055637_model_1499_20260604_050917.txt
reward_only,dynamic,5,0,high,1000,9.30,0.00,907,637,64,206,navigation_reward_only_20260603_060408,/local1/hishamb/cbf-rl-environment/results/results_reward_only/results_reward_only_navigation_reward_only_20260603_060408_model_1499_20260604_051008/results_reward_only_navigation_reward_only_20260603_060408_model_1499_20260604_051008.txt
reward_only,dynamic,4,1,low,1000,24.00,0.00,760,675,65,20,navigation_reward_only_20260603_053734,/local1/hishamb/cbf-rl-environment/results/results_reward_only/results_reward_only_navigation_reward_only_20260603_053734_model_1499_20260604_043908/results_reward_only_navigation_reward_only_20260603_053734_model_1499_20260604_043908.txt
reward_only,dynamic,4,1,medium,1000,16.00,0.00,840,721,44,75,navigation_reward_only_20260603_054235,/local1/hishamb/cbf-rl-environment/results/results_reward_only/results_reward_only_navigation_reward_only_20260603_054235_model_1499_20260604_044459/results_reward_only_navigation_reward_only_20260603_054235_model_1499_20260604_044459.txt
reward_only,dynamic,4,1,high,1000,13.80,0.00,862,717,82,63,navigation_reward_only_20260603_054338,/local1/hishamb/cbf-rl-environment/results/results_reward_only/results_reward_only_navigation_reward_only_20260603_054338_model_1499_20260604_050607/results_reward_only_navigation_reward_only_20260603_054338_model_1499_20260604_050607.txt
reward_only,dynamic,3,2,low,1000,42.10,0.00,579,497,50,32,navigation_reward_only_20260603_052335,/local1/hishamb/cbf-rl-environment/results/results_reward_only/results_reward_only_navigation_reward_only_20260603_052335_model_1499_20260604_041127/results_reward_only_navigation_reward_only_20260603_052335_model_1499_20260604_041127.txt
reward_only,dynamic,3,2,medium,1000,39.40,0.00,606,544,34,28,navigation_reward_only_20260603_053222,/local1/hishamb/cbf-rl-environment/results/results_reward_only/results_reward_only_navigation_reward_only_20260603_053222_model_1499_20260604_041304/results_reward_only_navigation_reward_only_20260603_053222_model_1499_20260604_041304.txt
reward_only,dynamic,3,2,high,1000,37.40,0.00,626,566,40,20,navigation_reward_only_20260603_053329,/local1/hishamb/cbf-rl-environment/results/results_reward_only/results_reward_only_navigation_reward_only_20260603_053329_model_1499_20260604_042811/results_reward_only_navigation_reward_only_20260603_053329_model_1499_20260604_042811.txt
reward_only,dynamic,2,3,low,1000,72.10,0.00,279,218,25,36,navigation_reward_only_20260603_051512,/local1/hishamb/cbf-rl-environment/results/results_reward_only/results_reward_only_navigation_reward_only_20260603_051512_model_1499_20260604_035143/results_reward_only_navigation_reward_only_20260603_051512_model_1499_20260604_035143.txt
reward_only,dynamic,2,3,medium,1000,79.00,0.00,210,195,7,8,navigation_reward_only_20260603_052127,/local1/hishamb/cbf-rl-environment/results/results_reward_only/results_reward_only_navigation_reward_only_20260603_052127_model_1499_20260604_035545/results_reward_only_navigation_reward_only_20260603_052127_model_1499_20260604_035545.txt
reward_only,dynamic,2,3,high,1000,68.00,0.00,320,183,66,71,navigation_reward_only_20260603_052234,/local1/hishamb/cbf-rl-environment/results/results_reward_only/results_reward_only_navigation_reward_only_20260603_052234_model_1499_20260604_040027/results_reward_only_navigation_reward_only_20260603_052234_model_1499_20260604_040027.txt
reward_only,dynamic,1,4,low,1000,91.40,2052.84,86,28,6,52,navigation_reward_only_20260603_045803,/local1/hishamb/cbf-rl-environment/results/results_reward_only/results_reward_only_navigation_reward_only_20260603_045803_model_1499_20260604_034033/results_reward_only_navigation_reward_only_20260603_045803_model_1499_20260604_034033.txt
reward_only,dynamic,1,4,medium,1000,94.90,2027.33,51,27,17,7,navigation_reward_only_20260603_050135,/local1/hishamb/cbf-rl-environment/results/results_reward_only/results_reward_only_navigation_reward_only_20260603_050135_model_1499_20260604_034303/results_reward_only_navigation_reward_only_20260603_050135_model_1499_20260604_034303.txt
reward_only,dynamic,1,4,high,1000,91.80,1987.43,82,59,14,9,navigation_reward_only_20260603_051154,/local1/hishamb/cbf-rl-environment/results/results_reward_only/results_reward_only_navigation_reward_only_20260603_051154_model_1499_20260604_034936/results_reward_only_navigation_reward_only_20260603_051154_model_1499_20260604_034936.txt
filter_only,dynamic,5,0,low,1000,60.60,8336.95,394,356,2,36,navigation_filter_only_20260603_044440,/local1/hishamb/cbf-rl-environment/results/results_filter_only/results_filter_only_navigation_filter_only_20260603_044440_model_1499_20260604_015658/results_filter_only_navigation_filter_only_20260603_044440_model_1499_20260604_015658.txt
filter_only,dynamic,5,0,medium,1000,62.70,8291.68,373,353,6,14,navigation_filter_only_20260603_044627,/local1/hishamb/cbf-rl-environment/results/results_filter_only/results_filter_only_navigation_filter_only_20260603_044627_model_1499_20260604_015758/results_filter_only_navigation_filter_only_20260603_044627_model_1499_20260604_015758.txt
filter_only,dynamic,5,0,high,1000,63.10,8251.55,369,361,7,1,navigation_filter_only_20260603_045501,/local1/hishamb/cbf-rl-environment/results/results_filter_only/results_filter_only_navigation_filter_only_20260603_045501_model_1499_20260604_020657/results_filter_only_navigation_filter_only_20260603_045501_model_1499_20260604_020657.txt
filter_only,dynamic,4,1,low,1000,57.80,7157.06,422,396,7,19,navigation_filter_only_20260603_041332,/local1/hishamb/cbf-rl-environment/results/results_filter_only/results_filter_only_navigation_filter_only_20260603_041332_model_1499_20260604_013449/results_filter_only_navigation_filter_only_20260603_041332_model_1499_20260604_013449.txt
filter_only,dynamic,4,1,medium,1000,55.90,7065.48,441,428,5,8,navigation_filter_only_20260603_041559,/local1/hishamb/cbf-rl-environment/results/results_filter_only/results_filter_only_navigation_filter_only_20260603_041559_model_1499_20260604_013449/results_filter_only_navigation_filter_only_20260603_041559_model_1499_20260604_013449.txt
filter_only,dynamic,4,1,high,1000,57.10,7077.64,429,423,5,1,navigation_filter_only_20260603_042316,/local1/hishamb/cbf-rl-environment/results/results_filter_only/results_filter_only_navigation_filter_only_20260603_042316_model_1499_20260604_014528/results_filter_only_navigation_filter_only_20260603_042316_model_1499_20260604_014528.txt
filter_only,dynamic,3,2,low,1000,65.90,5763.74,341,329,4,8,navigation_filter_only_20260603_040830,/local1/hishamb/cbf-rl-environment/results/results_filter_only/results_filter_only_navigation_filter_only_20260603_040830_model_1499_20260604_011628/results_filter_only_navigation_filter_only_20260603_040830_model_1499_20260604_011628.txt
filter_only,dynamic,3,2,medium,1000,64.00,5703.11,360,350,7,3,navigation_filter_only_20260603_040933,/local1/hishamb/cbf-rl-environment/results/results_filter_only/results_filter_only_navigation_filter_only_20260603_040933_model_1499_20260604_011749/results_filter_only_navigation_filter_only_20260603_040933_model_1499_20260604_011749.txt
filter_only,dynamic,3,2,high,1000,64.60,5681.50,354,346,7,1,navigation_filter_only_20260603_041033,/local1/hishamb/cbf-rl-environment/results/results_filter_only/results_filter_only_navigation_filter_only_20260603_041033_model_1499_20260604_012836/results_filter_only_navigation_filter_only_20260603_041033_model_1499_20260604_012836.txt
filter_only,dynamic,2,3,low,1000,75.90,4018.05,241,231,6,4,navigation_filter_only_20260603_034724,/local1/hishamb/cbf-rl-environment/results/results_filter_only/results_filter_only_navigation_filter_only_20260603_034724_model_1499_20260604_010320/results_filter_only_navigation_filter_only_20260603_034724_model_1499_20260604_010320.txt
filter_only,dynamic,2,3,medium,1000,74.90,4004.78,251,244,7,0,navigation_filter_only_20260603_040611,/local1/hishamb/cbf-rl-environment/results/results_filter_only/results_filter_only_navigation_filter_only_20260603_040611_model_1499_20260604_010525/results_filter_only_navigation_filter_only_20260603_040611_model_1499_20260604_010525.txt
filter_only,dynamic,2,3,high,1000,74.00,3987.89,260,257,3,0,navigation_filter_only_20260603_040804,/local1/hishamb/cbf-rl-environment/results/results_filter_only/results_filter_only_navigation_filter_only_20260603_040804_model_1499_20260604_011526/results_filter_only_navigation_filter_only_20260603_040804_model_1499_20260604_011526.txt
filter_only,dynamic,1,4,low,1000,87.20,2141.85,128,118,8,2,navigation_filter_only_20260603_033446,/local1/hishamb/cbf-rl-environment/results/results_filter_only/results_filter_only_navigation_filter_only_20260603_033446_model_1499_20260604_004902/results_filter_only_navigation_filter_only_20260603_033446_model_1499_20260604_004902.txt
filter_only,dynamic,1,4,medium,1000,88.70,2166.64,113,108,3,2,navigation_filter_only_20260603_033914,/local1/hishamb/cbf-rl-environment/results/results_filter_only/results_filter_only_navigation_filter_only_20260603_033914_model_1499_20260604_005551/results_filter_only_navigation_filter_only_20260603_033914_model_1499_20260604_005551.txt
filter_only,dynamic,1,4,high,1000,83.60,2116.43,164,142,19,3,navigation_filter_only_20260603_034447,/local1/hishamb/cbf-rl-environment/results/results_filter_only/results_filter_only_navigation_filter_only_20260603_034447_model_1499_20260604_005725/results_filter_only_navigation_filter_only_20260603_034447_model_1499_20260604_005725.txt
